1917,1999
1984,1974
5.15 The Angels Have Gone,2002
87 and Cry,1987
Abdulmajid,1991
Absolute Beginners,1986
Across the Universe,1975
Afraid,2002
African Night Flight,1979
After All,1970
After Today,1989
Alabama Song,1980
Aladdin Sane,1973
Algeria Touchshriek,1995
All Saints,1991
All the Madmen,1970
All The Young Dudes,1974
Always Crashing in the Same Car,1977
Amsterdam,1973
And I Say to Myself,1966
Andy Warhol,1971
"Anyway, Anyhow, Anywhere",1973
Art Decade,1977
As The World Falls Down,1986
Ashes to Ashes,1980
Atomica,2013
Baal's Hymn,1982
Baby Grace (A Horrid Cassette),1995
Baby Loves That Way,1965
Ballad of the Adventurers,1982
Bang Bang,1987
Bars of the County Jail,1991
Battle for Britain (The Letter),1997
Be My Wife,1977
Beat of Your Drum,1987
Beauty and the Beast,1977
Because You're Young,1980
A Better Future,2002
The Bewlay Brothers,1971
Big Brother,1974
Black Country Rock,1970
Black Tie White Noise,1993
Blackout,1977
Blackstar,2015
"Bleed Like a Craze, Dad",1993
Blue Jean,1984
Bombers,1990
Born in a UFO,2013
Boss of Me,2013
Boys Keep Swinging,1979
Breaking Glass,1977
Brilliant Adventure,1999
Bring Me the Disco King,2003
Buddha of Suburbia,1993
Cactus,2002
Can You Hear Me,1975
Can't Help Thinking About Me,1966
Candidate,1974
Cat People (Putting Out The Fire),1982
Changes,1971
Chant of the Ever Circling Skeletal Family,1974
Chilly Down,1986
China Girl,1983
Ching-a-Ling,1984
Come and Buy My Toys,1967
Conversation Piece,1970
Cracked Actor,1973
Criminal World,1983
Crystal Japan,1980
Cygnet Committee,1969
Dancing in the Street (with Mick Jagger),1985
Dancing Out in Space,2013
Dancing with the Big Boys,1984
Day-In Day-Out,1987
Days,2003
Dead Against It,1993
Dead Man Walking,1997
Diamond Dogs,1974
Did You Ever Have a Dream,1967
Dirty Boys,2013
The Dirty Song,1982
D.J.,1979
Do Anything You Say,1966
Dodo,1989
Dollar Days,2016
Don't Bring Me Down,1973
Don't Let Me Down & Down,1993
Don't Look Down,1984
Don't Sit Down,1969
The Dreamers,1999
Drive-In Saturday,1973
The Drowned Girl,1982
Eight Line Poem,1971
Everyone Says 'Hi',2002
Everything's Alright,1973
Fall Dog Bombs the Moon,2003
Fame,1975
Fantastic Voyage,1979
Fascination,1975
Fashion,1980
Fill Your Heart,1971
Five Years,1972
Fly,2003
A Foggy Day (in London Town),1998
Footstompin' / I Wish I Could Shimmy Like My Sister Kate,1974
Friday on My Mind,1973
Future Legend,1974
Get Real,1995
Girl Loves Me,2016
Girls,1987
Glad I've Got Nobody,1991
Glass Spider,1987
God Bless the Girl,2013
God Knows I'm Good,1969
God Only Knows,1984
Golden Years,1975
Good Morning Girl,1966
The Gospel According to Tony Day,1967
Growin' Up,1990
Gunman,1990
Hallo Spaceboy,1995
Hang On to Yourself,1971
The Hearts Filthy Lesson,1995
Heat,2013
Heathen,2002
Helden,1977
Here Comes the Night,1973
"Here Today, Gone Tomorrow",1990
&quot;Heroes&quot;,1977
Hole in the Ground,2011
Holy Holy,1971
How Does the Grass Grow?,2013
I Can't Explain,1973
I Can't Give Everything Away,2016
I Can't Read,1997
I Dig Everything,1966
I Feel Free,1993
I Have Not Been to Oxford Town,1995
I Keep Forgettin',1984
I Know It's Gonna Happen Someday,1993
I Pity the Fool (with the Manish Boys),1965
"I Pray, Olé",1991
I Took a Trip on a Gemini Spaceship,2002
I Want My Baby Back,1991
I Wish You Would,1973
I Would Be Your Slave,2002
I'd Rather Be High,2013
I'll Follow You,1991
I'll Take You There,2013
I'm Afraid of Americans,1995
I'm Deranged,1995
I'm Not Losing Sleep,1966
I've Been Waiting for You,2002
"Ian Fish, U.K. Heir",1993
If I'm Dreaming My Life,1999
If You Can See Me,2013
In the Heat of the Morning,1970
The Informer,2013
It Ain't Easy,1972
It's Gonna Be Me,1991
It's Hard to Be a Saint in the City,1989
It's No Game (No. 1),1980
It's No Game (No. 2),1980
Janine,1969
The Jean Genie,1973
Joe the Lion,1977
"John, I'm Only Dancing",1972
"John, I'm Only Dancing (Again)",1979
Join the Gang,1967
Julie,1987
Jump They Say,1993
Just for One Day (Heroes),2003
Karma Man,1970
Killing a Little Time,2017
The King of Stamford Hill,1995
Kingdom Come,1980
Knock on Wood (live),1974
Kooks,1971
Lady Grinning Soul,1973
Lady Stardust,1972
The Last Thing You Should Do,1997
The Laughing Gnome,1967
Law (Earthlings on Fire),1997
Lazarus,2015
Leon Takes Us Outside,1995
Let Me Sleep Beside You,1970
Let's Dance,1983
Let's Spend the Night Together,1973
Letter to Hermione,1969
Life Is a Circus,2019
Life on Mars?,1971
Lightning Frightening,1990
Like a Rocket Man,2013
Little Bombardier,1967
Little Wonder,1997
Liza Jane,1964
The London Boys,1966
London Bye Ta-Ta,1989
The Loneliest Guy,2003
Look Back in Anger,1979
Looking for Lester,1993
Looking for Satellites,1997
Looking for Water,2003
"Louie, Louie Go Home",1964
Love Is Lost,2013
Love Missile F1 Eleven,2003
Love You till Tuesday,1967
Lover to the Dawn,2019
Loving the Alien,1984
Lucy Can't Dance,1993
Magic Dance,1986
Maid of Bond Street,1967
The Man Who Sold the World,1970
Memory of a Free Festival,1969
Miracle Goodnight,1993
Modern Love,1983
Moonage Daydream,1971
Moss Garden,1977
The Motel,1995
Move On,1979
My Death (live),1983
The Mysteries,1993
Nathan Adler,1995
Nature Boy,2001
Neighborhood Threat,1984
Neuköln,1977
Never Get Old,2003
Never Let Me Down,1987
New Angels of Promise,1999
A New Career in a New Town,1977
New Killer Star,2003
New York's in Love,1987
The Next Day,2013
Nite Flights,1993
No Control,1995
No One Calls,1999
No Plan,2017
Nothing to Be Desired,1995
Nuts,2020
An Occasional Dream,1969
Oh! You Pretty Things,1971
Outside,1995
Pablo Picasso,2003
Pallas Athena,1993
Panic in Detroit,1973
Peace on Earth/Little Drummer Boy,1982
Perfect Day (Various Artists),1997
Pictures of Lily,2001
Plan,2013
Planet of Dreams,1997
Please Mr. Gravedigger,1967
The Prettiest Star,1970
Pretty Pink Rose,1990
The Pretty Things Are Going to Hell,1999
Queen Bitch,1971
Queen of All the Tarts (Overture),2003
Quicksand,1971
"Ragazzo solo, ragazza sola",1970
Ramona A. Stone/I Am with Name,1995
Real Cool World,1992
Reality,2003
Rebel Never Gets Old,2004
Rebel Rebel,1974
Red Money,1979
Red Sails,1979
Remembering Marie A,1982
Repetition,1979
The Revolutionary Song,1978
Ricochet,1983
Right,1975
Rock 'n' Roll Suicide,1972
Rock 'n Roll with Me,1974
Rosalyn,1973
Round and Round,1973
Rubber Band,1966
Running Gun Blues,1970
Safe,2002
Saviour Machine,1970
Scary Monsters (And Super Creeps),1980
Scream Like a Baby,1980
The Secret Life of Arabia,1977
See Emily Play,1973
Sell Me a Coat,1967
Sense of Doubt,1977
Seven,1999
Seven Years in Tibet,1997
Sex and the Church,1993
Shadow Man,2002
Shake It,1983
Shapes of Things,1973
(She Can) Do That,2005
She Shook Me Cold,1970
She'll Drive the Big Car,2003
She's Got Medals,1967
Shining Star (Makin' My Love),1987
Silly Boy Blue,1967
Sister Midnight (live),2010
Slip Away,2002
Slow Burn,2002
A Small Plot of Land,1995
So She,2013
Some Are,1991
Somebody Up There Likes Me,1975
Something in the Air,1999
Song for Bob Dylan,1971
Sons of the Silent Age,1977
Sorrow,1973
Soul Love,1972
Sound and Vision,1977
South Horizon,1993
Space Oddity,1969
Speed of Life,1977
Star,1972
Starman,1972
The Stars (Are Out Tonight),2013
Station to Station,1976
Stay,1976
Strangers When We Meet,1993
Subterraneans,1977
Sue (Or in a Season of Crime),2014
Suffragette City,1972
Sunday,2002
The Supermen,1970
Survive,1999
Sweet Head,1990
Sweet Thing,1974
Sweet Thing (Reprise),1974
Teenage Wildlife,1980
Telling Lies,1997
That's Motivation,1986
That's Where My Heart Is,1991
There Is a Happy Land,1967
This Is Not America,1985
Thru' These Architects Eyes,1995
Thursday's Child,1999
Time,1973
Time Will Crawl,1987
Tis a Pity She Was a Whore,2014
Tonight (with Tina Turner),1984
Too Dizzy,1987
"Try Some, Buy Some",2003
Tumble and Twirl,1984
TVC 15,1976
Uncle Arthur,1967
Under Pressure,1981
Underground,1986
Untitled No. 1,1993
Unwashed and Somewhat Slightly Dazed,1969
Up the Hill Backwards,1980
V-2 Schneider,1977
Valentine's Day,2013
Velvet Goldmine,1975
Volare,1986
The Voyeur of Utter Destruction (as Beauty),1995
Waiting for the Man (live),2008
Wake Up (live),2005
Warszawa,1977
Watch That Man,1973
Waterloo Sunset,2003
We All Go Through,1999
We Are Hungry Men,1967
We Are the Dead,1974
We Prick You,1995
We Shall Go to Town,1999
The Wedding,1993
The Wedding Song,1993
Weeping Wall,1977
What in the World,1977
What's Really Happening,1999
When I Live My Dream,1967
When I Met You,2017
When I'm Five,1984
When the Boys Come Marching Home,2002
When the Wind Blows,1986
Where Are We Now?,2013
Where Have All the Good Times Gone,1973
White Light/White Heat (live),1983
Who Can I Be Now?,1991
Width of a Circle,1970
Wild Eyed Boy from Freecloud,1969
Wild Is the Wind,1976
Win,1975
Wishful Beginnings,1995
Within You,1986
Without You,1983
Without You I'm Nothing,1998
Wood Jackson,2002
Word on a Wing,1976
Yassassin (Turkish For Long Live),1979
You Feel So Lonely You Could Die,2013
(You Will) Set the World on Fire,2013
Your Turn to Drive,2014
You've Been Around,1993
You've Got a Habit of Leaving,1965
Young Americans,1975
Zeroes,1987
Ziggy Stardust,1972
